source_id,FITS Available,Status,_confirmed,_ra,_dec
COORD_16.92296673815411_-74.42967460840649,YES,CONFIRMED,True,16.92296673815411,-74.42967460840649
