source_id,SIMBAD ID,Spectral Type,Object Type,Status,_passed,_ra,_dec
1.632274532427332e+17,UCAC4 591-011854,NOT PUBLISHED,PM*,FOUND (NO TYPE),True,63.333251839356954,28.172959234373355
1.644807934188828e+17,2MASS J04174393+2805573,M2,*,TYPE: M2,False,64.43314125427845,28.099173872134777
1.5114921063577805e+17,UCAC4 583-012422,NOT PUBLISHED,*,FOUND (NO TYPE),True,68.07986992635716,26.46726951193044
