source_id,TIC ID,Tmag,Contamination (<= 0.10),Status,Reasons,_passed,_ra,_dec
1.632274532427332e+17,56549322,14.1995,0.00571803143,PASSED,TESS match successful,True,63.333251839356954,28.172959234373355
1.644807934188828e+17,58229081,14.868,0.00212797849,PASSED,TESS match successful,True,64.43314125427845,28.099173872134777
1.5114921063577805e+17,268325940,14.1866,0.00568592828,PASSED,TESS match successful,True,68.07986992635716,26.46726951193044
1.5131561914419418e+17,268143483,13.8298,0.299717426,FAILED,High contamination: 0.299717426,False,67.25636454922353,26.26368437677815
5.056939475503006e+18,423765332,14.0756,nan,FAILED,High contamination: nan,False,51.79501213071295,-29.10031876785765
1.4759889188546688e+17,268511154,14.5219,0.00108301849,PASSED,TESS match successful,True,68.92230271522764,24.025259984413438
