source_id,TIC ID,Tmag,Contamination (<= 0.10),Status,Reasons,_passed,_ra,_dec
1.644807934188828e+17,58229081,14.868,0.00212797849,PASSED,TESS match successful,True,64.43314125427845,28.099173872134777
1.5114921063577805e+17,268325940,14.1866,0.00568592828,PASSED,TESS match successful,True,68.07986992635716,26.46726951193044
1.5131561914419456e+17,268143481,14.5162,0.6307055,FAILED,High contamination: 0.6307055,False,67.25513322390687,26.262403326490357
5.056939475503006e+18,423765332,14.0756,nan,FAILED,High contamination: nan,False,51.79501213071295,-29.10031876785765
1.6448814640299597e+17,58231652,13.9801,nan,FAILED,High contamination: nan,False,64.6448026673359,28.031820377241743
1.4759889188546688e+17,268511154,14.5219,0.00108301849,PASSED,TESS match successful,True,68.92230271522764,24.025259984413438
3.131328718417227e+18,234841032,16.058,nan,FAILED,High contamination: nan,False,97.96012083213374,4.863939946872627
