source_id,Teff_K,W1_W2,B_V,PM_total
COORD_16.92296673815411_-74.42967460840649,4500,0.12,0.67,503.3
