source_id,TIC ID,Tmag,Contamination (<= 0.10),Status,Reasons,_passed,_ra,_dec
1.644807934188828e+17,58229081,14.868,0.00212797849,PASSED,TESS match successful,True,64.43314125427845,28.099173872134777
1.5114921063577805e+17,268325940,14.1866,0.00568592828,PASSED,TESS match successful,True,68.07986992635716,26.46726951193044
1.5131561914419456e+17,268143481,14.5162,0.6307055,FAILED,High contamination: 0.6307055,False,67.25513322390687,26.262403326490357
1.4759889188546688e+17,268511154,14.5219,0.00108301849,PASSED,TESS match successful,True,68.92230271522764,24.025259984413438
2.0662367480943311e+18,366643923,16.7531,nan,FAILED,High contamination: nan,False,311.76921989038846,42.11961276748942
